{"cameraMode":{"drawMode":0,"name":"Shaded","section":"Shading Mode"},"sceneLighting":false,"audioPlay":false,"sceneViewState":{"showFog":true,"showMaterialUpdate":false,"showSkybox":false,"showFlares":true,"showImageEffects":true,"showParticleSystems":true},"in2DMode":false,"pivot":{"x":6.429540157318115,"y":-99.55480194091797,"z":-12.785706520080567},"rotation":{"x":-0.7606121301651001,"y":0.07918310165405274,"z":-0.09449121356010437,"w":-0.6373924612998962},"size":120.99664306640625,"orthographic":false}